epoch,loss,output_1_acc,output_1_loss,output_2_acc,output_2_loss,output_3_acc,output_3_loss,output_4_acc,output_4_loss,output_5_acc,output_5_loss,output_6_acc,output_6_loss,val_loss,val_output_1_acc,val_output_1_loss,val_output_2_acc,val_output_2_loss,val_output_3_acc,val_output_3_loss,val_output_4_acc,val_output_4_loss,val_output_5_acc,val_output_5_loss,val_output_6_acc,val_output_6_loss
6,1090.5626220703125,0.9884374737739563,0.24877570569515228,0.26448240876197815,1.7982449531555176,0.2202734351158142,3.4303693771362305,0.032490234822034836,3.78714656829834,0.029912108555436134,8.045105934143066,0.01220703125,11.54443645477295,1081.1759033203125,1.0,1.1920930376163597e-07,0.2751995921134949,1.7198086977005005,0.22157707810401917,3.2435719966888428,0.028903214260935783,3.7311456203460693,0.028775135055184364,7.980846881866455,0.00828245747834444,11.49781322479248
7,1092.03759765625,1.0,0.08121517300605774,0.2674804627895355,1.769380807876587,0.21870116889476776,3.459969997406006,0.026064453646540642,3.771116018295288,0.027333984151482582,8.05705451965332,0.007636718917638063,11.576384544372559,1083.4117431640625,1.0,1.1920930376163597e-07,0.2751995921134949,1.7198086977005005,0.22157707810401917,3.2435719966888428,0.028903214260935783,3.7311456203460693,0.028775135055184364,7.980846881866455,0.00828245747834444,11.548624992370605
8,1095.329345703125,1.0,0.05897846817970276,0.2672168016433716,1.7655948400497437,0.21878905594348907,3.460545539855957,0.026093749329447746,3.7587828636169434,0.027353515848517418,8.058858871459961,0.007539062295109034,11.656639099121094,1083.4117431640625,1.0,1.1920930376163597e-07,0.2751995921134949,1.7198086977005005,0.22157707810401917,3.2435719966888428,0.028903214260935783,3.7311456203460693,0.028775135055184364,7.980846881866455,0.00828245747834444,11.548624992370605
9,1095.2607421875,1.0,0.04947107285261154,0.26787108182907104,1.7589459419250488,0.21910156309604645,3.465175151824951,0.026054687798023224,3.75693416595459,0.027363281697034836,8.058810234069824,0.007578125223517418,11.656458854675293,1083.4117431640625,1.0,1.1920930376163597e-07,0.2751995921134949,1.7198086977005005,0.22157707810401917,3.2435719966888428,0.028903214260935783,3.7311456203460693,0.028775135055184364,7.980846881866455,0.00828245747834444,11.548624992370605
