epoch,loss,output_1_acc,output_1_loss,output_2_acc,output_2_loss,output_3_acc,output_3_loss,output_4_acc,output_4_loss,output_5_acc,output_5_loss,output_6_acc,output_6_loss,val_loss,val_output_1_acc,val_output_1_loss,val_output_2_acc,val_output_2_loss,val_output_3_acc,val_output_3_loss,val_output_4_acc,val_output_4_loss,val_output_5_acc,val_output_5_loss,val_output_6_acc,val_output_6_loss
6,1462.59912109375,0.4933789074420929,8.223740577697754,0.24901367723941803,2.3280909061431885,0.14147460460662842,6.149494647979736,0.11703124642372131,10.699175834655762,0.005400390829890966,10.546504020690918,0.05631835758686066,12.229166030883789,1455.50732421875,0.0,16.118099212646484,0.2751995921134949,1.7198086977005005,0.22157707810401917,4.20480489730835,0.3547368049621582,10.400413513183594,0.00012807923485524952,10.654455184936523,0.23613542318344116,12.148188591003418
7,1471.6195068359375,0.5000879168510437,8.086928367614746,0.24996094405651093,2.252704381942749,0.13855469226837158,6.226522445678711,0.11097656190395355,10.938149452209473,0.0019628906156867743,10.598855018615723,0.05711914226412773,12.24221420288086,1455.50732421875,0.0,16.118099212646484,0.2751995921134949,1.7198086977005005,0.22157707810401917,4.20480489730835,0.3547368049621582,10.400413513183594,0.00012807923485524952,10.654455184936523,0.23613542318344116,12.148188591003418
8,1471.0028076171875,0.4994531273841858,8.087560653686523,0.24982422590255737,2.2628040313720703,0.13750000298023224,6.21286153793335,0.11102539300918579,10.919358253479004,0.002119140699505806,10.594202041625977,0.05708007887005806,12.245373725891113,1455.50732421875,0.0,16.118099212646484,0.2751995921134949,1.7198086977005005,0.22157707810401917,4.20480489730835,0.3547368049621582,10.400413513183594,0.00012807923485524952,10.654455184936523,0.23613542318344116,12.148188591003418
9,1471.49658203125,0.5010644793510437,8.057784080505371,0.24951171875,2.2453341484069824,0.13752929866313934,6.1767258644104,0.10932616889476776,10.930720329284668,0.001914062537252903,10.608409881591797,0.05656249821186066,12.242140769958496,1455.50732421875,0.0,16.118099212646484,0.2751995921134949,1.7198086977005005,0.22157707810401917,4.20480489730835,0.3547368049621582,10.400413513183594,0.00012807923485524952,10.654455184936523,0.23613542318344116,12.148188591003418
