epoch,loss,output_1_acc,output_1_loss,output_2_acc,output_2_loss,output_3_acc,output_3_loss,output_4_acc,output_4_loss,output_5_acc,output_5_loss,output_6_acc,output_6_loss,val_loss,val_output_1_acc,val_output_1_loss,val_output_2_acc,val_output_2_loss,val_output_3_acc,val_output_3_loss,val_output_4_acc,val_output_4_loss,val_output_5_acc,val_output_5_loss,val_output_6_acc,val_output_6_loss
6,1350.20654296875,0.494384765625,8.247889518737793,0.4312695264816284,4.326706409454346,0.20531250536441803,3.544353723526001,0.02451171912252903,5.883020401000977,0.0037499999161809683,10.74782943725586,0.15580077469348907,12.176976203918457,1368.0572509765625,0.0,16.118099212646484,0.6582419276237488,5.508490085601807,0.22157707810401917,3.2435719966888428,0.028903214260935783,5.985147476196289,0.00042693078285083175,10.815553665161133,0.23613542318344116,12.004205703735352
7,1355.77685546875,0.49824219942092896,8.141514778137207,0.4422558546066284,4.452336311340332,0.20109374821186066,3.5237932205200195,0.02016601525247097,5.950549125671387,0.0009570312686264515,10.800339698791504,0.1585351526737213,12.194544792175293,1368.0572509765625,0.0,16.118099212646484,0.6582419276237488,5.508490085601807,0.22157707810401917,3.2435719966888428,0.028903214260935783,5.985147476196289,0.00042693078285083175,10.815553665161133,0.23613542318344116,12.004205703735352
8,1355.861083984375,0.49802735447883606,8.125462532043457,0.44349610805511475,4.44032096862793,0.2008691430091858,3.5253751277923584,0.019941406324505806,5.959970474243164,0.0009082031319849193,10.799491882324219,0.16081054508686066,12.194436073303223,1368.0572509765625,0.0,16.118099212646484,0.6582419276237488,5.508490085601807,0.22157707810401917,3.2435719966888428,0.028903214260935783,5.985147476196289,0.00042693078285083175,10.815553665161133,0.23613542318344116,12.004205703735352
9,1355.6885986328125,0.4991796910762787,8.100031852722168,0.4421679675579071,4.425516128540039,0.20134764909744263,3.524448871612549,0.019941406324505806,5.954034328460693,0.0007519531063735485,10.803780555725098,0.1582910120487213,12.191076278686523,1368.0572509765625,0.0,16.118099212646484,0.6582419276237488,5.508490085601807,0.22157707810401917,3.2435719966888428,0.028903214260935783,5.985147476196289,0.00042693078285083175,10.815553665161133,0.23613542318344116,12.004205703735352
