epoch,loss,output_1_acc,output_1_loss,output_2_acc,output_2_loss,output_3_acc,output_3_loss,output_4_acc,output_4_loss,output_5_acc,output_5_loss,output_6_acc,output_6_loss,val_loss,val_output_1_acc,val_output_1_loss,val_output_2_acc,val_output_2_loss,val_output_3_acc,val_output_3_loss,val_output_4_acc,val_output_4_loss,val_output_5_acc,val_output_5_loss,val_output_6_acc,val_output_6_loss
6,987.3067016601562,0.9761523604393005,0.2603198289871216,0.5849902629852295,0.9623130559921265,0.35593751072883606,2.4447031021118164,0.19251953065395355,3.3395586013793945,0.03975585848093033,7.0594611167907715,0.2260449230670929,10.982222557067871,950.2110595703125,1.0,0.018901946023106575,0.6582419276237488,0.7420504093170166,0.4468684494495392,2.1562814712524414,0.3274132311344147,3.0059897899627686,0.03944840654730797,6.794865131378174,0.23613542318344116,10.744717597961426
7,971.3839111328125,1.0,0.11164028197526932,0.6231054663658142,0.8781837224960327,0.4151953160762787,2.354480504989624,0.2923535108566284,3.1789844036102295,0.04966796934604645,6.926429271697998,0.22734375298023224,10.909333229064941,988.8876953125,1.0,0.001602821983397007,0.5053579807281494,0.9225954413414001,0.32933440804481506,2.445768117904663,0.24185629189014435,3.4525604248046875,0.03001323528587818,6.974963665008545,0.23613542318344116,11.084627151489258
8,1118.031982421875,1.0,0.09474025666713715,0.2963183522224426,1.9294822216033936,0.20103515684604645,4.160402297973633,0.028701171278953552,4.6037468910217285,0.03593749925494194,7.995862007141113,0.03451171889901161,11.665034294128418,1153.51611328125,1.0,1.1920930376163597e-07,0.2751995921134949,1.7198086977005005,0.05362250655889511,5.789898872375488,0.003415446262806654,4.846056938171387,0.041668444871902466,8.230868339538574,0.0036289116833359003,11.772248268127441
9,1173.52685546875,1.0,0.08711209148168564,0.2765527367591858,2.3082916736602783,0.16225585341453552,5.413837909698486,0.0057226563803851604,4.964079856872559,0.03690429776906967,8.519643783569336,0.003779296763241291,11.788796424865723,1170.0943603515625,1.0,1.1920930376163597e-07,0.2751995921134949,1.7198086977005005,0.05362250655889511,5.789898872375488,0.003415446262806654,4.846056938171387,0.041668444871902466,8.521718978881836,0.0036289116833359003,11.772248268127441
