epoch,loss,output_1_acc,output_1_loss,output_2_acc,output_2_loss,output_3_acc,output_3_loss,output_4_acc,output_4_loss,output_5_acc,output_5_loss,output_6_acc,output_6_loss,val_loss,val_output_1_acc,val_output_1_loss,val_output_2_acc,val_output_2_loss,val_output_3_acc,val_output_3_loss,val_output_4_acc,val_output_4_loss,val_output_5_acc,val_output_5_loss,val_output_6_acc,val_output_6_loss
6,1393.3287353515625,0.8673632740974426,2.183638572692871,0.20350585877895355,1.884021282196045,0.21470703184604645,3.0926930904388428,0.009003906510770321,4.217432975769043,0.030527343973517418,12.486527442932129,0.011630859225988388,12.410616874694824,1389.947998046875,1.0,1.1920930376163597e-07,0.2751995921134949,1.7198086977005005,0.22157707810401917,3.2435719966888428,0.003415446262806654,4.006943702697754,0.028775135055184364,12.628103256225586,0.00806899182498455,12.350879669189453
7,1404.173095703125,0.8779687285423279,2.0155141353607178,0.20189453661441803,1.8329811096191406,0.21271485090255737,3.043511390686035,0.003544921986758709,4.206547737121582,0.027314452454447746,12.651357650756836,0.007802734151482582,12.471607208251953,1389.947998046875,1.0,1.1920930376163597e-07,0.2751995921134949,1.7198086977005005,0.22157707810401917,3.2435719966888428,0.003415446262806654,4.006943702697754,0.028775135055184364,12.628103256225586,0.00806899182498455,12.350879669189453
8,1404.421142578125,0.8754296898841858,2.0458898544311523,0.201171875,1.8390790224075317,0.21345703303813934,3.042419672012329,0.0036328125279396772,4.212191581726074,0.027265625074505806,12.647856712341309,0.007841796614229679,12.476962089538574,1389.947998046875,1.0,1.1920930376163597e-07,0.2751995921134949,1.7198086977005005,0.22157707810401917,3.2435719966888428,0.003415446262806654,4.006943702697754,0.028775135055184364,12.628103256225586,0.00806899182498455,12.350879669189453
9,1409.42529296875,0.8763086199760437,2.0266611576080322,0.20139648020267487,1.838166356086731,0.21351562440395355,3.0331170558929443,0.0036816406063735485,4.207658290863037,0.02729492262005806,12.650010108947754,0.0073046875186264515,12.592944145202637,1390.12255859375,1.0,1.1920930376163597e-07,0.2751995921134949,1.7198086977005005,0.22157707810401917,3.2435719966888428,0.003415446262806654,4.006943702697754,0.028775135055184364,12.631166458129883,0.00806899182498455,12.350879669189453
