epoch,loss,output_1_acc,output_1_loss,output_2_acc,output_2_loss,output_3_acc,output_3_loss,output_4_acc,output_4_loss,output_5_acc,output_5_loss,output_6_acc,output_6_loss,val_loss,val_output_1_acc,val_output_1_loss,val_output_2_acc,val_output_2_loss,val_output_3_acc,val_output_3_loss,val_output_4_acc,val_output_4_loss,val_output_5_acc,val_output_5_loss,val_output_6_acc,val_output_6_loss
6,1213.7265625,0.45484375953674316,8.816339492797852,0.4651464819908142,4.120133876800537,0.17503906786441803,3.6361725330352783,0.030498046427965164,4.074813365936279,0.019863281399011612,9.184289932250977,0.010449218563735485,12.026793479919434,1224.478515625,0.0,16.118099212646484,0.6582419276237488,5.508490085601807,0.22157707810401917,3.3531031608581543,0.028903214260935783,3.972472906112671,0.0005977030959911644,9.298705101013184,0.00828245747834444,11.738224983215332
7,1213.0753173828125,0.49956053495407104,8.095131874084473,0.4725683629512787,4.209793567657471,0.173583984375,3.627096652984619,0.026611328125,4.0619282722473145,0.016240233555436134,9.205524444580078,0.007636718917638063,12.015458106994629,1224.478515625,0.0,16.118099212646484,0.6582419276237488,5.508490085601807,0.22157707810401917,3.3531031608581543,0.028903214260935783,3.972472906112671,0.0005977030959911644,9.298705101013184,0.00828245747834444,11.738224983215332
8,1212.311279296875,0.5000195503234863,8.083083152770996,0.47270506620407104,4.192773818969727,0.17396484315395355,3.613624334335327,0.026796875521540642,4.0558762550354,0.01625976525247097,9.20055103302002,0.0076269530691206455,12.012629508972168,1224.478515625,0.0,16.118099212646484,0.6582419276237488,5.508490085601807,0.22157707810401917,3.3531031608581543,0.028903214260935783,3.972472906112671,0.0005977030959911644,9.298705101013184,0.00828245747834444,11.738224983215332
9,1212.945068359375,0.501757800579071,8.05202579498291,0.4729589819908142,4.178646087646484,0.1726367175579071,3.6119561195373535,0.026542969048023224,4.063668727874756,0.016523437574505806,9.2079496383667,0.0076269530691206455,12.01669692993164,1224.478515625,0.0,16.118099212646484,0.6582419276237488,5.508490085601807,0.22157707810401917,3.3531031608581543,0.028903214260935783,3.972472906112671,0.0005977030959911644,9.298705101013184,0.00828245747834444,11.738224983215332
