epoch,loss,output_1_acc,output_1_loss,output_2_acc,output_2_loss,output_3_acc,output_3_loss,output_4_acc,output_4_loss,output_5_acc,output_5_loss,output_6_acc,output_6_loss,val_loss,val_output_1_acc,val_output_1_loss,val_output_2_acc,val_output_2_loss,val_output_3_acc,val_output_3_loss,val_output_4_acc,val_output_4_loss,val_output_5_acc,val_output_5_loss,val_output_6_acc,val_output_6_loss
6,1413.338134765625,0.8988378643989563,1.663810133934021,0.3631835877895355,4.5255279541015625,0.2662988305091858,6.06178092956543,0.02963867224752903,10.5482816696167,0.029082031920552254,9.899775505065918,0.0065332031808793545,12.0906982421875,1386.3687744140625,1.0,1.1920930376163597e-07,0.2751995921134949,1.7198086977005005,0.42462536692619324,6.320131301879883,0.028903214260935783,8.736475944519043,0.028775135055184364,10.455574035644531,0.0006830892525613308,12.052318572998047
7,1424.285888671875,0.8754003643989563,2.0149834156036377,0.3939453065395355,4.414020538330078,0.2728808522224426,6.037230014801025,0.026308594271540642,10.810654640197754,0.02713867276906967,9.977275848388672,0.003789062611758709,12.103139877319336,1386.3687744140625,1.0,1.1920930376163597e-07,0.2751995921134949,1.7198086977005005,0.42462536692619324,6.320131301879883,0.028903214260935783,8.736475944519043,0.028775135055184364,10.455574035644531,0.0006830892525613308,12.052318572998047
8,1422.6630859375,0.875781238079071,2.0064618587493896,0.3949609398841858,4.422600746154785,0.2720312476158142,6.056561470031738,0.02632812410593033,10.761261940002441,0.02713867276906967,9.969274520874023,0.004062499850988388,12.098337173461914,1386.3687744140625,1.0,1.1920930376163597e-07,0.2751995921134949,1.7198086977005005,0.42462536692619324,6.320131301879883,0.028903214260935783,8.736475944519043,0.028775135055184364,10.455574035644531,0.0006830892525613308,12.052318572998047
9,1423.377197265625,0.8737988471984863,2.037656784057617,0.3944726586341858,4.4136505126953125,0.2726464867591858,6.027795314788818,0.026386719197034836,10.799304008483887,0.027167968451976776,9.966055870056152,0.003867187537252903,12.103686332702637,1386.3687744140625,1.0,1.1920930376163597e-07,0.2751995921134949,1.7198086977005005,0.42462536692619324,6.320131301879883,0.028903214260935783,8.736475944519043,0.028775135055184364,10.455574035644531,0.0006830892525613308,12.052318572998047
