epoch,loss,output_1_acc,output_1_loss,output_2_acc,output_2_loss,output_3_acc,output_3_loss,output_4_acc,output_4_loss,output_5_acc,output_5_loss,output_6_acc,output_6_loss,val_loss,val_output_1_acc,val_output_1_loss,val_output_2_acc,val_output_2_loss,val_output_3_acc,val_output_3_loss,val_output_4_acc,val_output_4_loss,val_output_5_acc,val_output_5_loss,val_output_6_acc,val_output_6_loss
6,1380.51904296875,0.4749121069908142,8.496463775634766,0.11509765684604645,1.973405122756958,0.16185547411441803,4.4849371910095215,0.04346679523587227,8.54110336303711,0.00820312462747097,10.048160552978516,0.005664062686264515,12.467930793762207,1430.154052734375,0.0,16.118099212646484,0.009862101636826992,1.9501631259918213,0.22157707810401917,4.679230213165283,0.003415446262806654,10.61607551574707,0.00042693078285083175,9.938952445983887,4.2693078285083175e-05,12.27370834350586
7,1385.71533203125,0.5014550685882568,8.061074256896973,0.10374999791383743,1.9499843120574951,0.16422851383686066,4.509987831115723,0.039374999701976776,8.617307662963867,0.0047753904946148396,10.094989776611328,0.0029785155784338713,12.503427505493164,1430.154052734375,0.0,16.118099212646484,0.009862101636826992,1.9501631259918213,0.22157707810401917,4.679230213165283,0.003415446262806654,10.61607551574707,0.00042693078285083175,9.938952445983887,4.2693078285083175e-05,12.27370834350586
8,1386.0958251953125,0.5016015768051147,8.053557395935059,0.10425781458616257,1.9559051990509033,0.16475586593151093,4.498701572418213,0.04042968899011612,8.6232271194458,0.004951172042638063,10.106596946716309,0.002685546875,12.495674133300781,1430.154052734375,0.0,16.118099212646484,0.009862101636826992,1.9501631259918213,0.22157707810401917,4.679230213165283,0.003415446262806654,10.61607551574707,0.00042693078285083175,9.938952445983887,4.2693078285083175e-05,12.27370834350586
9,1384.5240478515625,0.4996093809604645,8.083242416381836,0.10458984225988388,1.954925537109375,0.1640039086341858,4.504491329193115,0.03750976547598839,8.639449119567871,0.004687500186264515,10.076614379882812,0.0028320313431322575,12.488009452819824,1430.154052734375,0.0,16.118099212646484,0.009862101636826992,1.9501631259918213,0.22157707810401917,4.679230213165283,0.003415446262806654,10.61607551574707,0.00042693078285083175,9.938952445983887,4.2693078285083175e-05,12.27370834350586
