epoch,loss,output_1_acc,output_1_loss,output_2_acc,output_2_loss,output_3_acc,output_3_loss,output_4_acc,output_4_loss,output_5_acc,output_5_loss,output_6_acc,output_6_loss,val_loss,val_output_1_acc,val_output_1_loss,val_output_2_acc,val_output_2_loss,val_output_3_acc,val_output_3_loss,val_output_4_acc,val_output_4_loss,val_output_5_acc,val_output_5_loss,val_output_6_acc,val_output_6_loss
6,1077.39111328125,0.9847363233566284,0.24370048940181732,0.30568358302116394,2.476778507232666,0.2056249976158142,2.8344125747680664,0.03265624865889549,3.8953540325164795,0.028837891295552254,7.689882755279541,0.014355468563735485,11.680180549621582,1078.04052734375,1.0,1.1920930376163597e-07,0.2751995921134949,1.24673593044281,0.22157707810401917,2.660592794418335,0.028903214260935783,3.972472906112671,0.028775135055184364,7.872304916381836,0.00828245747834444,11.60076904296875
7,1097.421630859375,1.0,0.0977320671081543,0.4314648509025574,2.9553894996643066,0.20287109911441803,2.778536319732666,0.027431640774011612,3.965122938156128,0.027236327528953552,8.006508827209473,0.007695312611758709,11.651183128356934,1079.908935546875,1.0,1.1920930376163597e-07,0.2751995921134949,1.24673593044281,0.22157707810401917,2.660592794418335,0.028903214260935783,3.972472906112671,0.028775135055184364,7.905084133148193,0.00828245747834444,11.60076904296875
8,1101.27734375,1.0,0.07524055242538452,0.43617188930511475,2.9203667640686035,0.2099023461341858,2.8540191650390625,0.027480468153953552,3.9901721477508545,0.027236327528953552,8.001869201660156,0.0069824219681322575,11.723011016845703,1081.5504150390625,1.0,1.1920930376163597e-07,0.2751995921134949,1.24673593044281,0.22157707810401917,2.660592794418335,0.028903214260935783,3.972472906112671,0.028775135055184364,7.905084133148193,0.00828245747834444,11.63807487487793
9,1101.7376708984375,1.0,0.06598596274852753,0.43598634004592896,2.920520544052124,0.21470703184604645,2.885632276535034,0.027529297396540642,3.9899094104766846,0.027255859225988388,7.996312141418457,0.0067382813431322575,11.735461235046387,1081.5504150390625,1.0,1.1920930376163597e-07,0.2751995921134949,1.24673593044281,0.22157707810401917,2.660592794418335,0.028903214260935783,3.972472906112671,0.028775135055184364,7.905084133148193,0.00828245747834444,11.63807487487793
