epoch,loss,output_1_acc,output_1_loss,output_2_acc,output_2_loss,output_3_acc,output_3_loss,output_4_acc,output_4_loss,output_5_acc,output_5_loss,output_6_acc,output_6_loss,val_loss,val_output_1_acc,val_output_1_loss,val_output_2_acc,val_output_2_loss,val_output_3_acc,val_output_3_loss,val_output_4_acc,val_output_4_loss,val_output_5_acc,val_output_5_loss,val_output_6_acc,val_output_6_loss
6,1519.2822265625,0.765576183795929,3.797360897064209,0.6026757955551147,5.396810531616211,0.3720410168170929,8.027973175048828,0.09230468422174454,12.793954849243164,0.021103516221046448,10.432699203491211,0.003037109272554517,12.080791473388672,1562.9239501953125,1.0,1.1920930376163597e-07,0.6582419276237488,5.508490085601807,0.42462536692619324,7.788240432739258,0.037569910287857056,15.512537956237793,0.02501814439892769,10.241203308105469,0.0006830892525613308,12.103145599365234
7,1533.2462158203125,0.7485644817352295,4.056288719177246,0.6220996379852295,5.551429271697998,0.3782617151737213,8.111859321594238,0.08890625089406967,13.113049507141113,0.017451172694563866,10.500657081604004,0.0006445312756113708,12.098737716674805,1562.9239501953125,1.0,1.1920930376163597e-07,0.6582419276237488,5.508490085601807,0.42462536692619324,7.788240432739258,0.037569910287857056,15.512537956237793,0.02501814439892769,10.241203308105469,0.0006830892525613308,12.103145599365234
8,1533.74462890625,0.7482714653015137,4.059638500213623,0.6222558617591858,5.557103157043457,0.37648436427116394,8.092077255249023,0.08956054598093033,13.12746810913086,0.01723632775247097,10.510489463806152,0.0006445312756113708,12.092577934265137,1562.9239501953125,1.0,1.1920930376163597e-07,0.6582419276237488,5.508490085601807,0.42462536692619324,7.788240432739258,0.037569910287857056,15.512537956237793,0.02501814439892769,10.241203308105469,0.0006830892525613308,12.103145599365234
9,1534.675048828125,0.7482714653015137,4.059174060821533,0.6204687356948853,5.567383289337158,0.3765527307987213,8.110547065734863,0.08776367455720901,13.14178466796875,0.01656249910593033,10.514928817749023,0.0006445312756113708,12.095986366271973,1562.9239501953125,1.0,1.1920930376163597e-07,0.6582419276237488,5.508490085601807,0.42462536692619324,7.788240432739258,0.037569910287857056,15.512537956237793,0.02501814439892769,10.241203308105469,0.0006830892525613308,12.103145599365234
