epoch,loss,output_1_acc,output_1_loss,output_2_acc,output_2_loss,output_3_acc,output_3_loss,output_4_acc,output_4_loss,output_5_acc,output_5_loss,output_6_acc,output_6_loss,val_loss,val_output_1_acc,val_output_1_loss,val_output_2_acc,val_output_2_loss,val_output_3_acc,val_output_3_loss,val_output_4_acc,val_output_4_loss,val_output_5_acc,val_output_5_loss,val_output_6_acc,val_output_6_loss
6,1455.280029296875,0.49637696146965027,8.178646087646484,0.16087891161441803,6.619624614715576,0.050908204168081284,7.264768600463867,0.013134765438735485,9.972644805908203,0.012753906659781933,10.319077491760254,0.0074316407553851604,12.048820495605469,1414.1109619140625,0.0,16.118099212646484,0.2751995921134949,1.7198086977005005,0.009862101636826992,8.786935806274414,0.028903214260935783,8.50357437133789,0.0001707723131403327,10.195629119873047,0.006617427337914705,11.960162162780762
7,1465.5531005859375,0.5033496022224426,8.022122383117676,0.16273437440395355,6.583555698394775,0.047050781548023224,7.333938121795654,0.00937500037252903,10.273235321044922,0.008369140326976776,10.365862846374512,0.004833984188735485,12.063200950622559,1414.1109619140625,0.0,16.118099212646484,0.2751995921134949,1.7198086977005005,0.009862101636826992,8.786935806274414,0.028903214260935783,8.50357437133789,0.0001707723131403327,10.195629119873047,0.006617427337914705,11.960162162780762
8,1465.7069091796875,0.49782225489616394,8.104186058044434,0.16209961473941803,6.611295223236084,0.04742187634110451,7.329751968383789,0.009140624664723873,10.273950576782227,0.008144531399011612,10.365520477294922,0.0046582031063735485,12.060651779174805,1414.1109619140625,0.0,16.118099212646484,0.2751995921134949,1.7198086977005005,0.009862101636826992,8.786935806274414,0.028903214260935783,8.50357437133789,0.0001707723131403327,10.195629119873047,0.006617427337914705,11.960162162780762
9,1465.541748046875,0.5009375214576721,8.051913261413574,0.16004882752895355,6.599746227264404,0.04670898616313934,7.332286834716797,0.009238281287252903,10.272724151611328,0.008388672024011612,10.361908912658691,0.004716796800494194,12.065442085266113,1414.1109619140625,0.0,16.118099212646484,0.2751995921134949,1.7198086977005005,0.009862101636826992,8.786935806274414,0.028903214260935783,8.50357437133789,0.0001707723131403327,10.195629119873047,0.006617427337914705,11.960162162780762
