epoch,loss,output_1_acc,output_1_loss,output_2_acc,output_2_loss,output_3_acc,output_3_loss,output_4_acc,output_4_loss,output_5_acc,output_5_loss,output_6_acc,output_6_loss,val_loss,val_output_1_acc,val_output_1_loss,val_output_2_acc,val_output_2_loss,val_output_3_acc,val_output_3_loss,val_output_4_acc,val_output_4_loss,val_output_5_acc,val_output_5_loss,val_output_6_acc,val_output_6_loss
6,1510.05810546875,0.6027050614356995,6.427177906036377,0.10830078274011612,11.994131088256836,0.22691406309604645,7.776007175445557,0.05366211012005806,11.45986557006836,0.014208984561264515,10.210521697998047,0.007607421837747097,12.032916069030762,1435.532958984375,1.0,1.1920930376163597e-07,0.009862101636826992,10.985065460205078,0.42462536692619324,7.835657119750977,0.028903214260935783,9.593409538269043,0.0001707723131403327,10.058359146118164,0.00806899182498455,11.90789794921875
7,1518.6204833984375,0.6253808736801147,6.048274993896484,0.10125000029802322,12.200483322143555,0.2277246117591858,7.758894443511963,0.05313476547598839,11.67624282836914,0.010693359188735485,10.25771713256836,0.005322265438735485,12.050156593322754,1435.532958984375,1.0,1.1920930376163597e-07,0.009862101636826992,10.985065460205078,0.42462536692619324,7.835657119750977,0.028903214260935783,9.593409538269043,0.0001707723131403327,10.058359146118164,0.00806899182498455,11.90789794921875
8,1518.5206298828125,0.621289074420929,6.11046028137207,0.10175780951976776,12.226388931274414,0.22716796398162842,7.777237415313721,0.05185546725988388,11.670550346374512,0.010869140736758709,10.247550964355469,0.0052246092818677425,12.054926872253418,1435.532958984375,1.0,1.1920930376163597e-07,0.009862101636826992,10.985065460205078,0.42462536692619324,7.835657119750977,0.028903214260935783,9.593409538269043,0.0001707723131403327,10.058359146118164,0.00806899182498455,11.90789794921875
9,1519.09423828125,0.6256640553474426,6.038913726806641,0.10194335877895355,12.203535079956055,0.22681640088558197,7.787022590637207,0.05337890610098839,11.675602912902832,0.010869140736758709,10.257309913635254,0.005205078050494194,12.05675983428955,1435.532958984375,1.0,1.1920930376163597e-07,0.009862101636826992,10.985065460205078,0.42462536692619324,7.835657119750977,0.028903214260935783,9.593409538269043,0.0001707723131403327,10.058359146118164,0.00806899182498455,11.90789794921875
