epoch,loss,output_1_acc,output_1_loss,output_2_acc,output_2_loss,output_3_acc,output_3_loss,output_4_acc,output_4_loss,output_5_acc,output_5_loss,output_6_acc,output_6_loss,val_loss,val_output_1_acc,val_output_1_loss,val_output_2_acc,val_output_2_loss,val_output_3_acc,val_output_3_loss,val_output_4_acc,val_output_4_loss,val_output_5_acc,val_output_5_loss,val_output_6_acc,val_output_6_loss
6,1448.9971923828125,0.7492969036102295,4.066421031951904,0.6105077862739563,5.484561920166016,0.35817381739616394,7.583675384521484,0.31783202290534973,9.637314796447754,0.06827148795127869,10.498639106750488,0.003212890587747097,12.1066255569458,1455.8419189453125,1.0,1.1920930376163597e-07,0.6582419276237488,5.508490085601807,0.42462536692619324,9.273942947387695,0.3547368049621582,9.900106430053711,0.23976433277130127,10.454437255859375,0.0006830892525613308,12.056878089904785
7,1458.1968994140625,0.7491699457168579,4.047202110290527,0.6278710961341858,5.574046611785889,0.3633984327316284,7.66156005859375,0.3267480432987213,9.720258712768555,0.06209960952401161,10.59783935546875,0.0006542968912981451,12.120387077331543,1455.8419189453125,1.0,1.1920930376163597e-07,0.6582419276237488,5.508490085601807,0.42462536692619324,9.273942947387695,0.3547368049621582,9.900106430053711,0.23976433277130127,10.454437255859375,0.0006830892525613308,12.056878089904785
8,1457.536865234375,0.7478711009025574,4.066450595855713,0.627392590045929,5.57449197769165,0.3634667992591858,7.670307636260986,0.3256250023841858,9.71914291381836,0.06270507723093033,10.590290069580078,0.0006445312756113708,12.113227844238281,1455.8419189453125,1.0,1.1920930376163597e-07,0.6582419276237488,5.508490085601807,0.42462536692619324,9.273942947387695,0.3547368049621582,9.900106430053711,0.23976433277130127,10.454437255859375,0.0006830892525613308,12.056878089904785
9,1457.720947265625,0.7500976324081421,4.030059337615967,0.6259375214576721,5.583391189575195,0.3643554747104645,7.640064716339111,0.32466796040534973,9.726744651794434,0.0627734363079071,10.593208312988281,0.0006640625069849193,12.115799903869629,1455.8419189453125,1.0,1.1920930376163597e-07,0.6582419276237488,5.508490085601807,0.42462536692619324,9.273942947387695,0.3547368049621582,9.900106430053711,0.23976433277130127,10.454437255859375,0.0006830892525613308,12.056878089904785
